id;phone;status;coordinates
1;+7 (900) 000 00 01;FREE;(43.998442, 56.301007)
2;+7 (900) 000 00 02;FREE;(43.995057, 56.320381)
3;+7 (900) 000 00 03;BUSY;(44.010176, 56.329002)
4;+7 (900) 000 00 04;FREE;(43.928474, 56.331604)
5;+7 (900) 000 00 05;REST;(43.957016, 56.337807)
