id;phone;status;coordinates
6b77967b-c8d2-493a-bcab-482c354b1cc4;+7 (900) 000 00 01;FREE;(43.998442, 56.301007)
0037f6ff-ff26-4721-b522-5ae5f91a6448;+7 (900) 000 00 02;FREE;(43.995057, 56.320381)
0de17615-17a6-4f21-97c4-b644a0516c0d;+7 (900) 000 00 03;BUSY;(44.010176, 56.329002)
7e40cf44-b62b-4d71-9de0-f20d31335285;+7 (900) 000 00 04;FREE;(43.928474, 56.331604)
8b911214-49e3-4a67-8b2c-10977d9a8e7c;+7 (900) 000 00 05;REST;(43.957016, 56.337807)
