id;phone;email;address
62dcd09a-7c76-4c82-8443-a9a0021171d5;+7 (900) 000 00 01;harmon_gunnar40@gmail.com;(43.989468, 56.324372)
fb1e540b-f474-4a14-b8bb-a0963f9d0375;+7 (900) 000 00 02;mueller_lynwood67@yahoo.com;(43.988478, 56.321042)
b97965a8-0478-42ff-99bd-b520163567b7;+7 (900) 000 00 03;rowe-sage62@yahoo.com;(43.985302, 56.324338)
61738917-dd90-4c9d-b0e5-adc78cfb09c3;+7 (900) 000 00 04;bethany-mallory1@mail.com;(43.998588, 56.323046)
0910b882-8d72-49ce-b24b-15a33d695476;+7 (900) 000 00 05;cody_bruno80@mail.com;(44.00476, 56.324513)
