id;name;address;status
20ca9dda-e6bb-40e7-96c6-51051a4f9bb0;Шаурма на Средном;(43.991217, 56.309645);OPEN
36c7c5ea-d024-4071-91fb-250cd3c52e0a;Самурай;(43.992628, 56.316263);CLOSED
31d5a3f2-edb5-421a-b1d0-b1d739f7875c;Культура;(43.990518, 56.30513);OPEN
